<?xml version="1.0" encoding="UTF-8" standalone="yes"?>
<app version="1">
	<name>LibreShop With Music</name>
	<version>0.2</version>
	<release_date>20250314191139</release_date>
	<coder>The LibreShop Team</coder>
	<short_description>Download homebrew apps but you get music</short_description>
	<long_description>LibreShop is an app that lets you download Homebrew apps onto your Wii.

By default, apps are downloaded from the Open Shop Channel apps repository.

Controls:
HOME - exit
A - engage
B - back
Up, Down - move
Left,Right - move by page

On the repository screen, press 1 to open the settings.
Tails1154 added the homebrew browser music to it
</long_description>
</app>
